{"graph_nodes":{"0":{"key":0,"weight":0.0,"tag":0},"1":{"key":1,"weight":0.0,"tag":0},"2":{"key":2,"weight":0.0,"tag":0},"3":{"key":3,"weight":0.0,"tag":0},"4":{"key":4,"weight":0.0,"tag":0},"5":{"key":5,"weight":0.0,"tag":0},"6":{"key":6,"weight":0.0,"tag":0},"7":{"key":7,"weight":0.0,"tag":0},"8":{"key":8,"weight":0.0,"tag":0},"9":{"key":9,"weight":0.0,"tag":0}},"graph_edges":{"0":{"4":{"src":0,"dest":4,"weight":0.8624497547615505,"tag":0},"5":{"src":0,"dest":5,"weight":0.07302602021384397,"tag":0},"6":{"src":0,"dest":6,"weight":0.280001615782666,"tag":0}},"1":{"6":{"src":1,"dest":6,"weight":0.008760417318731673,"tag":0}},"2":{"4":{"src":2,"dest":4,"weight":0.2331557947513334,"tag":0},"5":{"src":2,"dest":5,"weight":0.11596708803265776,"tag":0},"7":{"src":2,"dest":7,"weight":0.22502238600837543,"tag":0}},"3":{"0":{"src":3,"dest":0,"weight":0.45100850261544956,"tag":0},"1":{"src":3,"dest":1,"weight":0.6949479796024919,"tag":0},"9":{"src":3,"dest":9,"weight":0.006117182265761301,"tag":0}},"4":{"0":{"src":4,"dest":0,"weight":0.6171458898614318,"tag":0},"3":{"src":4,"dest":3,"weight":0.4432124503172691,"tag":0},"9":{"src":4,"dest":9,"weight":0.061901802278626294,"tag":0}},"5":{"2":{"src":5,"dest":2,"weight":0.8764426533244832,"tag":0},"9":{"src":5,"dest":9,"weight":0.6304048639228539,"tag":0}},"6":{"1":{"src":6,"dest":1,"weight":0.010684410982228831,"tag":0},"2":{"src":6,"dest":2,"weight":0.8803572849070423,"tag":0},"8":{"src":6,"dest":8,"weight":0.3538232827704746,"tag":0}},"7":{"1":{"src":7,"dest":1,"weight":0.481728301575598,"tag":0},"3":{"src":7,"dest":3,"weight":0.6073350789607563,"tag":0},"4":{"src":7,"dest":4,"weight":0.20771484130971707,"tag":0},"6":{"src":7,"dest":6,"weight":0.15674689056984625,"tag":0}},"8":{"0":{"src":8,"dest":0,"weight":0.523135155788333,"tag":0},"1":{"src":8,"dest":1,"weight":0.6169513867462899,"tag":0}},"9":{"0":{"src":9,"dest":0,"weight":0.7638204881746642,"tag":0},"1":{"src":9,"dest":1,"weight":0.7105747751483344,"tag":0},"2":{"src":9,"dest":2,"weight":0.39452090629422176,"tag":0},"3":{"src":9,"dest":3,"weight":0.34751802920311026,"tag":0},"5":{"src":9,"dest":5,"weight":0.4914512055616126,"tag":0},"8":{"src":9,"dest":8,"weight":0.8363149477563286,"tag":0}}},"graph_in_edges":{"0":{"3":{"src":3,"dest":0,"weight":0.45100850261544956,"tag":0},"4":{"src":4,"dest":0,"weight":0.6171458898614318,"tag":0},"8":{"src":8,"dest":0,"weight":0.523135155788333,"tag":0},"9":{"src":9,"dest":0,"weight":0.7638204881746642,"tag":0}},"1":{"3":{"src":3,"dest":1,"weight":0.6949479796024919,"tag":0},"6":{"src":6,"dest":1,"weight":0.010684410982228831,"tag":0},"7":{"src":7,"dest":1,"weight":0.481728301575598,"tag":0},"8":{"src":8,"dest":1,"weight":0.6169513867462899,"tag":0},"9":{"src":9,"dest":1,"weight":0.7105747751483344,"tag":0}},"2":{"5":{"src":5,"dest":2,"weight":0.8764426533244832,"tag":0},"6":{"src":6,"dest":2,"weight":0.8803572849070423,"tag":0},"9":{"src":9,"dest":2,"weight":0.39452090629422176,"tag":0}},"3":{"4":{"src":4,"dest":3,"weight":0.4432124503172691,"tag":0},"7":{"src":7,"dest":3,"weight":0.6073350789607563,"tag":0},"9":{"src":9,"dest":3,"weight":0.34751802920311026,"tag":0}},"4":{"0":{"src":0,"dest":4,"weight":0.8624497547615505,"tag":0},"2":{"src":2,"dest":4,"weight":0.2331557947513334,"tag":0},"7":{"src":7,"dest":4,"weight":0.20771484130971707,"tag":0}},"5":{"0":{"src":0,"dest":5,"weight":0.07302602021384397,"tag":0},"2":{"src":2,"dest":5,"weight":0.11596708803265776,"tag":0},"9":{"src":9,"dest":5,"weight":0.4914512055616126,"tag":0}},"6":{"0":{"src":0,"dest":6,"weight":0.280001615782666,"tag":0},"1":{"src":1,"dest":6,"weight":0.008760417318731673,"tag":0},"7":{"src":7,"dest":6,"weight":0.15674689056984625,"tag":0}},"7":{"2":{"src":2,"dest":7,"weight":0.22502238600837543,"tag":0}},"8":{"6":{"src":6,"dest":8,"weight":0.3538232827704746,"tag":0},"9":{"src":9,"dest":8,"weight":0.8363149477563286,"tag":0}},"9":{"3":{"src":3,"dest":9,"weight":0.006117182265761301,"tag":0},"4":{"src":4,"dest":9,"weight":0.061901802278626294,"tag":0},"5":{"src":5,"dest":9,"weight":0.6304048639228539,"tag":0}}},"mode_count":0,"edges":30}